3doq0rgdfeo,テスト投稿1, これはテスト投稿1です。これはテスト投稿1です。これはテスト投稿1です。,1625388142793
8Y7HgWM3d6M98K,テスト投稿2, これはテスト投稿2です。これはテスト投稿2です。これはテスト投稿2です。,1625388142794
hC5Znj3zBL57dx,テスト投稿3, これはテスト投稿3です。これはテスト投稿3です。これはテスト投稿3です。,1625388142795
WHXmmGjWhXVS7r,テスト投稿4, これはテスト投稿4です。これはテスト投稿4です。これはテスト投稿4です。,1625388142796
sbKG9YpT86zRUF,テスト投稿5, これはテスト投稿5です。これはテスト投稿5です。これはテスト投稿5です。,1625388142797
8xNhPDSRV4UfWj,テスト投稿6, これはテスト投稿6です。これはテスト投稿6です。これはテスト投稿6です。,1625388142798
WwXnXsYKBhdNBU,テスト投稿7, これはテスト投稿7です。これはテスト投稿7です。これはテスト投稿7です。,1625388142799
6rk7F2UdYASZa7,テスト投稿8, これはテスト投稿8です。これはテスト投稿8です。これはテスト投稿8です。,1625388142800
2si8xx36j6rLQk,テスト投稿9, これはテスト投稿9です。これはテスト投稿9です。これはテスト投稿9です。,1625388142801
G8pHPpRVkZ4UZ8,テスト投稿10, これはテスト投稿10です。これはテスト投稿10です。これはテスト投稿10です。,1625388142802
